epoch,time,train/box_loss,train/cls_loss,train/dfl_loss,metrics/precision(B),metrics/recall(B),metrics/mAP50(B),metrics/mAP50-95(B),val/box_loss,val/cls_loss,val/dfl_loss,lr/pg0,lr/pg1,lr/pg2
1,59.5855,1.52083,1.05588,1.42292,0.41999,0.22067,0.22464,0.13416,1.62419,2.38648,1.43687,0.00331768,0.00331768,0.00331768
2,113.52,1.44143,1.05602,1.30518,0.36625,0.21605,0.20148,0.11705,1.66667,2.46296,1.45415,0.00663785,0.00663785,0.00663785
3,164.065,1.30426,1.08077,1.22249,0.39563,0.18788,0.17617,0.09854,1.79986,2.60825,1.56008,0.00994481,0.00994481,0.00994481
4,213.842,1.18151,1.14483,1.15416,0.32694,0.18721,0.16606,0.09043,1.88798,2.70408,1.64122,0.0099406,0.0099406,0.0099406
